{"Mean":{"confidence_interval":{"confidence_level":0.95,"lower_bound":28942.211139188683,"upper_bound":28972.348369585612},"point_estimate":28956.0396918592,"standard_error":7.697035760425334},"Median":{"confidence_interval":{"confidence_level":0.95,"lower_bound":28931.600023380874,"upper_bound":28942.761904761905},"point_estimate":28936.249464724464,"standard_error":2.81385121190801},"MedianAbsDev":{"confidence_interval":{"confidence_level":0.95,"lower_bound":20.922098528386698,"upper_bound":40.644193462247216},"point_estimate":28.153582970001164,"standard_error":4.88840628805303},"Slope":{"confidence_interval":{"confidence_level":0.95,"lower_bound":28944.92746227863,"upper_bound":28977.318066930275},"point_estimate":28960.07255327324,"standard_error":8.288987460164527},"StdDev":{"confidence_interval":{"confidence_level":0.95,"lower_bound":47.48675855646824,"upper_bound":101.7852882959852},"point_estimate":77.23685968944297,"standard_error":13.835949262603103}}