{"Mean":{"confidence_interval":{"confidence_level":0.95,"lower_bound":29464.06618463424,"upper_bound":29546.9368406286},"point_estimate":29503.060634745867,"standard_error":21.22084030136259},"Median":{"confidence_interval":{"confidence_level":0.95,"lower_bound":29406.056361938718,"upper_bound":29457.492997198882},"point_estimate":29420.27160146355,"standard_error":16.6673853682155},"MedianAbsDev":{"confidence_interval":{"confidence_level":0.95,"lower_bound":52.755329945760785,"upper_bound":102.1999873760137},"point_estimate":70.97930856606985,"standard_error":14.66480428760271},"Slope":{"confidence_interval":{"confidence_level":0.95,"lower_bound":29452.60814570674,"upper_bound":29565.661415162373},"point_estimate":29503.38468693226,"standard_error":29.040142743604346},"StdDev":{"confidence_interval":{"confidence_level":0.95,"lower_bound":143.77447160369908,"upper_bound":270.369306102463},"point_estimate":212.6537104566088,"standard_error":32.345591637994744}}