{"Mean":{"confidence_interval":{"confidence_level":0.95,"lower_bound":-0.0037932718487379193,"upper_bound":0.00016495280387935764},"point_estimate":-0.0018560744305141652,"standard_error":0.0010101606549877205},"Median":{"confidence_interval":{"confidence_level":0.95,"lower_bound":-0.0036844165549637653,"upper_bound":-0.0009812209581429032},"point_estimate":-0.002398009726261696,"standard_error":0.0007323775950263262}}