{"Mean":{"confidence_interval":{"confidence_level":0.95,"lower_bound":-0.001736705012772899,"upper_bound":0.0008210383252100757},"point_estimate":-0.0003867955897721709,"standard_error":0.0006564941047628616},"Median":{"confidence_interval":{"confidence_level":0.95,"lower_bound":0.00018504215445407928,"upper_bound":0.0006322485747654039},"point_estimate":0.00034684865077694305,"standard_error":0.00011716633856151046}}